<application>
  <component name="CosySettings">
    <option name="manualOpenLocalModel" value="true" />
    <option name="parameter">
      <ChangeUserSettingParams>
        <option name="allowReportUsage" value="true" />
        <option name="cloud">
          <CloudModelParam>
            <option name="autoTrigger">
              <CloudModelAutoTrigger>
                <option name="enable" value="true" />
                <option name="generateLength" value="level_1" />
                <option name="modelLevel" value="large" />
              </CloudModelAutoTrigger>
            </option>
            <option name="enable" value="true" />
            <option name="manualTrigger">
              <CloudModelManualTrigger>
                <option name="generateLength" value="level_2" />
                <option name="modelLevel" value="large" />
              </CloudModelManualTrigger>
            </option>
            <option name="showInlineWhenIDECompletion" value="true" />
          </CloudModelParam>
        </option>
        <option name="local">
          <LocalModelParam>
            <option name="enable" value="true" />
            <option name="inferenceMode" value="speed" />
            <option name="maxCandidateNum" value="5" />
          </LocalModelParam>
        </option>
      </ChangeUserSettingParams>
    </option>
    <option name="recentQueries">
      <map>
        <entry key="a-learn|1634776473595630">
          <value>
            <list>
              <option value="/explain code" />
              <option value="你回答的这些就是解释了一下  没什么用额" />
              <option value="写一个算法，寻找两个有序数组的中位数" />
              <option value="你这没有返回中位数吧" />
              <option value="要求算法复杂度为log(m+n)" />
              <option value="你是基于的ChatGPT哪个版本" />
              <option value="chatgpt最新是哪个版本  是否已经开源" />
              <option value="/generate comment" />
              <option value="/explain code" />
              <option value="start flow control for a while 什么意思" />
              <option value="private int opaque = requestId.getAndIncrement();" />
              <option value="oqaque是什么意思" />
              <option value="/explain code" />
              <option value="/explain code" />
              <option value="Returns the pathname string of this abstract pathname's parent, or null if this pathname does not name a parent directory.&#10;The parent of an abstract pathname consists of the pathname's prefix, if any, and each name in the pathname's name sequence except for the last. If the name sequence is empty then the pathname does not name a parent directory.&#10;Returns:&#10;The pathname string of the parent directory named by this abstract pathname, or null if this pathname does not name a parent  翻译成中文" />
              <option value="java中的assert是做什么用的" />
              <option value="assert messageExt != null;&#10;        assert cb != null;" />
              <option value="public static void main(String[] args) {&#10;        assert 1== 2;&#10;    }" />
              <option value="/explain code" />
            </list>
          </value>
        </entry>
        <entry key="ace-group|1634776473595630">
          <value>
            <list>
              <option value="hi" />
              <option value="/explain code" />
              <option value="如何使用本地模型" />
              <option value="/generate comment" />
              <option value="查询一下test.eoc.aipark.com对应的ip地址" />
            </list>
          </value>
        </entry>
      </map>
    </option>
    <option name="showInlineAcceptTips" value="false" />
    <option name="showInlineCancelTips" value="false" />
    <option name="upgradeStrategy" value="forbid" />
  </component>
</application>