<application>
  <component name="FileTypeManager" version="19">
    <extensionMap>
      <mapping ext="css-ignore" type="CSS" />
      <mapping ext="vsdx" type="Native" />
      <mapping pattern="netty" type="PLAIN_TEXT" />
      <mapping pattern="00000000000000000000" type="PLAIN_TEXT" />
      <mapping ext="jwtfilter" type="PLAIN_TEXT" />
      <mapping ext="productpackageremoteserviceinterface" type="PLAIN_TEXT" />
      <mapping ext="dat" type="PLAIN_TEXT" />
      <mapping ext="factories" type="PLAIN_TEXT" />
      <mapping ext="mark" type="XML" />
      <removed_mapping ext="apk" approved="true" type="ARCHIVE" />
      <removed_mapping ext="css" approved="true" type="CSS" />
      <removed_mapping ext="psd" approved="true" type="Image" />
    </extensionMap>
  </component>
</application>