<application>
  <component name="GitRememberedInputs">
    <option name="visitedUrls">
      <list>
        <UrlAndUserName>
          <option name="url" value="http://code.gome.inc" />
          <option name="userName" value="qiuxianbao" />
        </UrlAndUserName>
        <UrlAndUserName>
          <option name="url" value="http://code.gome.inc/gitlab/entertainment/etmVideoAccess/gome-mobile-content-access.git" />
          <option name="userName" value="" />
        </UrlAndUserName>
        <UrlAndUserName>
          <option name="url" value="http://code.gome.inc/gitlab/searchandrecommendation/rec-amusement-service.git" />
          <option name="userName" value="" />
        </UrlAndUserName>
        <UrlAndUserName>
          <option name="url" value="http://code.gome.inc/gitlab/metaverse/meta-universe.git" />
          <option name="userName" value="" />
        </UrlAndUserName>
        <UrlAndUserName>
          <option name="url" value="http://code.gome.inc/gitlab/gomeContentGroup/content/gome-video-fr-access.git" />
          <option name="userName" value="" />
        </UrlAndUserName>
        <UrlAndUserName>
          <option name="url" value="http://code.gome.inc/gitlab/socialBS-backend/live/bs-live-base.git" />
          <option name="userName" value="" />
        </UrlAndUserName>
        <UrlAndUserName>
          <option name="url" value="http://code.gome.inc/gitlab/socialBS-backend/live/bs-service-live.git" />
          <option name="userName" value="" />
        </UrlAndUserName>
        <UrlAndUserName>
          <option name="url" value="http://code.gome.inc/gitlab/gomeContentGroup/content/gome-live-bg-access.git" />
          <option name="userName" value="" />
        </UrlAndUserName>
        <UrlAndUserName>
          <option name="url" value="http://code.gome.inc/gitlab/gomeContentGroup/content/gome-live-fr-access.git" />
          <option name="userName" value="" />
        </UrlAndUserName>
        <UrlAndUserName>
          <option name="url" value="http://code.gome.inc/gitlab/socialBS-backend/live/bs-service-livebackend.git" />
          <option name="userName" value="" />
        </UrlAndUserName>
        <UrlAndUserName>
          <option name="url" value="https://github.com/sagframe/sagacity-sqltoy.git" />
          <option name="userName" value="" />
        </UrlAndUserName>
        <UrlAndUserName>
          <option name="url" value="http://code.gome.inc/gitlab/entertainment/gomechain/gomechain-api.git" />
          <option name="userName" value="" />
        </UrlAndUserName>
        <UrlAndUserName>
          <option name="url" value="http://code.ds.gome.com.cn/gitlab/zhupengcheng1/gcat-demo.git" />
          <option name="userName" value="" />
        </UrlAndUserName>
        <UrlAndUserName>
          <option name="url" value="http://47.94.141.198/saas/aipark-city-ms.git" />
          <option name="userName" value="" />
        </UrlAndUserName>
        <UrlAndUserName>
          <option name="url" value="http://47.94.141.198" />
          <option name="userName" value="oauth2" />
        </UrlAndUserName>
        <UrlAndUserName>
          <option name="url" value="http://z3CZUzBXAKCy-2m3Lw9x@47.94.141.198/saas/aipark-city-ms.git" />
          <option name="userName" value="" />
        </UrlAndUserName>
        <UrlAndUserName>
          <option name="url" value="http://oauth2:z3CZUzBXAKCy-2m3Lw9x@47.94.141.198/saas/aipark-city-ms.git" />
          <option name="userName" value="" />
        </UrlAndUserName>
        <UrlAndUserName>
          <option name="url" value="http://git.aipark.com" />
          <option name="userName" value="qiuxianbao@aipark.com" />
        </UrlAndUserName>
      </list>
    </option>
    <option name="cloneParentDir" value="C:\Idea\saas" />
  </component>
  <component name="Vcs.Log.App.Settings">
    <option name="COLUMN_ID_ORDER">
      <list>
        <option value="Default.Root" />
        <option value="Default.Subject" />
        <option value="Default.Author" />
        <option value="Default.Date" />
        <option value="Space.CommitStatus" />
      </list>
    </option>
    <option name="SHOW_CHANGES_FROM_PARENTS" value="true" />
  </component>
</application>